{"0": [{"cam_R_m2c": [-3.1118144505626334e-09, -9.811141820927578e-09, -0.025000002980227615, 0.012128044664859772, -0.02186116725206086, 6.127230027703507e-09, -0.021861167252063753, -0.01212804317474088, 5.8800450282608356e-09], "cam_t_m2c": [0.13302845529476126, -0.8947646156926697, 17.961454328425333], "obj_id": 1}]}
{"1": [{"cam_R_m2c": [-0.012500002980232239, -1.0119461924909756e-08, -0.021650634706015585, 0.0050440277904272085, -0.02431207883585511, -0.0029121606523744097, -0.02105487585067749, -0.005824335147933423, 0.01215604222276503], "cam_t_m2c": [0.22627468830167813, -0.9045571463486008, 15.916685859448938], "obj_id": 1}]}
{"8": [{"cam_R_m2c": [0.021650634706020355, 5.499087568506516e-09, 0.012500001490113526, -0.005613924935460091, -0.0223368583963089, 0.009723611277782882, 0.011168432235717774, -0.011227856757228902, -0.01934428579665229], "cam_t_m2c": [-0.2588902658008449, -0.8059847392058167, 18.319740047522796], "obj_id": 1}]}
{"2": [{"cam_R_m2c": [-0.021650645136833194, -5.91439472703846e-09, -0.012500002980229451, 0.005348094925284386, -0.02259628315455456, -0.009263166561143722, -0.011298139393329621, -0.010696175407739655, 0.019568956471543858], "cam_t_m2c": [0.25889114110610223, -0.8117004586280365, 19.255932536614573], "obj_id": 1}]}
{"5": [{"cam_R_m2c": [-0.01249999925494194, 1.0312738778189274e-08, 0.021650636196131615, -0.008321139216423036, -0.02307982522285826, -0.004804200599489987, 0.019987714290618897, -0.009608417523352586, 0.011539914519334527], "cam_t_m2c": [-0.00413613619373315, -0.7313744855065135, 21.01143293942388], "obj_id": 1}]}
{"6": [{"cam_R_m2c": [-3.719850383276935e-09, 1.066126161770768e-08, 0.025000002980227212, -0.010697524249553681, -0.02259564250707299, 6.934756818883254e-09, 0.022595642507076266, -0.010697522014376591, 6.17132487713274e-09], "cam_t_m2c": [-0.13302979584402133, -0.7183909591830278, 22.981689012760103], "obj_id": 1}]}
{"7": [{"cam_R_m2c": [0.0125, 1.0005289600961206e-08, 0.02165063619613176, -0.006672164797782898, -0.023783249826745446, 0.0038521856456896777, 0.020596899092197418, -0.007704355959588755, -0.011891623678842975], "cam_t_m2c": [-0.22627391880179368, -0.8174076390038557, 20.496750861200532], "obj_id": 1}]}
{"9": [{"cam_R_m2c": [0.025, 2.2285282181494637e-24, 4.592425697193329e-18, -1.6080510222039067e-18, -0.02341731075931977, 0.008753832295828034, 4.301691233344447e-18, -0.008753832295828034, -0.023417310759319774], "cam_t_m2c": [-0.22213656902313236, -0.8896043881104427, 23.469994416852856], "obj_id": 1}]}
{"3": [{"cam_R_m2c": [-0.025, -6.309086311859413e-25, -1.5308082348589175e-18, 4.2038625675312704e-19, -0.024038844067603076, -0.006865420033225591, -1.471954334276067e-18, -0.0068654185431094705, 0.02403884406760238], "cam_t_m2c": [0.22213656902313234, -0.8288675065889906, 18.48424898353093], "obj_id": 1}]}
{"10": [{"cam_R_m2c": [0.021650634706020355, -6.5499164669787644e-09, -0.012499999999996913, 0.0035673972219228745, -0.023960270054243456, 0.006178926053657906, -0.011980136483907701, -0.007134805718381588, -0.020750201854490533], "cam_t_m2c": [-0.12586229203310814, -0.9271470751183094, 20.064253740510974], "obj_id": 1}]}
{"4": [{"cam_R_m2c": [-0.021650636196136476, 5.446095698856578e-09, 0.012499999999997433, -0.004133366048336029, -0.02359367201545964, -0.007159190675611451, 0.011796834319829941, -0.0082667224619562, 0.020432719015969703], "cam_t_m2c": [0.12586216733796496, -0.7745520099063673, 15.905092863131493], "obj_id": 1}]}
{"11": [{"cam_R_m2c": [0.012499997764825821, -1.0336489068812339e-08, -0.021650636196131605, 0.010803267359733582, -0.021665312388941368, 0.006237278663801165, -0.01876271516084671, -0.012474543493827532, -0.01083264954767228], "cam_t_m2c": [0.004138019348110142, -0.9091316282688783, 16.409538500278817], "obj_id": 1}]}
